# ^GSPC,^DJI,^TNX,^IXIC,^RUT
1.096961260375632977e-02,5.888688528456774429e-03,9.038804914494264278e-03,1.006111613966025921e-02,1.932798110387858471e-03
2.416602972350368958e-03,2.023626946668533218e-03,-2.408543886690448898e-03,2.243988388107080907e-03,2.549117600291412981e-03
-4.114149164931548883e-05,1.739684158754099081e-03,6.776319048953047611e-03,1.643393001556975623e-03,4.296990945966330973e-03
1.899873608213974163e-02,1.753916556266706117e-02,3.670854677514732121e-03,2.843447065606500429e-02,3.565224217004801799e-02
-1.367343398257767767e-02,-7.023801723969067511e-03,1.952786245627290487e-02,-1.158846457135262291e-02,-4.234757455720610138e-03
1.418224529727643091e-03,-2.229003448409971281e-03,1.498437957994573459e-02,2.112507435058269805e-03,-2.083759362415912517e-03
5.276223530362650523e-03,1.258160430091275449e-02,1.121487923746331689e-02,1.160779588775106945e-02,1.610901850628374335e-02
5.278008230185936983e-03,9.656015856775470446e-03,7.522435057758836835e-03,7.071269982509995923e-03,7.694195883157569672e-03
5.886342105999911242e-03,6.100785977287354403e-03,6.990056456094964664e-04,1.523813863994277241e-02,1.379077797183024187e-02
-1.152205147808777700e-03,9.336198938908028561e-04,-1.450447336216934176e-02,-2.581465530527104254e-03,-2.091245788037386904e-03
6.479987934656522737e-03,2.442998476301937172e-03,-1.582247671574816064e-02,5.823731405611791076e-03,-6.079495725610173590e-04
5.721858342453241784e-03,1.233996938240999224e-03,-1.311373483647272631e-02,7.613793409958375183e-03,6.098298120986576053e-03
1.061812499113301382e-02,1.514914224101872840e-02,3.002770548207473258e-02,1.636597295761606577e-02,2.218450524892700768e-02
5.846216239490646281e-04,-1.564304100577508484e-04,8.315962904548555509e-03,3.147154040375160344e-03,6.717169124029064194e-03
-7.368068067360575638e-03,-3.219163292737154975e-03,-1.556507939865483039e-02,-1.533810605454608185e-02,-8.038916405383471700e-03
-3.985560404264916327e-04,-4.196424498591860321e-03,-1.851207184276772773e-03,-3.552070298130209376e-03,-5.036191515057152068e-03
-3.256560258215930766e-03,-1.021422860525173469e-02,1.101026963544061467e-02,-1.014424209134785412e-02,-1.101741650830712939e-02
-1.666176070917386662e-03,1.668601339851311072e-04,1.961990030722779096e-02,6.904133607575806738e-04,3.611822881181931018e-03
-8.035345771585176988e-03,-4.058663158093137220e-03,-6.194607534044717714e-03,-1.159087237739097470e-02,-2.032340107038660415e-02
-2.015272475800567592e-03,1.597684302420449617e-03,1.152853207616871475e-02,-3.663116305041826332e-04,-6.198449423790441948e-04
8.643095392589797421e-03,3.539212015046679961e-03,-1.961159278737030845e-02,8.311837180838806474e-03,3.922410432565759885e-04
6.918686590992770627e-03,1.596097659082296649e-03,3.783542036413186684e-03,9.056976262579332845e-03,-1.849878771771796323e-03
1.634653537054600245e-03,2.971572995782184156e-03,2.721902545999959830e-02,7.528112270669464270e-03,1.432167112241339649e-02
8.622427973463754917e-04,-5.754746153461660733e-03,-1.272519073936301910e-03,-5.441398177852441176e-03,-9.225738309256948863e-03
1.667452062146568314e-03,-2.171277251675214192e-03,-3.220203890268244495e-02,-1.119212362608106942e-04,-7.917768111367044434e-03
-2.126550448648467824e-03,-9.760029664375448680e-03,-8.414756943958091179e-03,-9.730004692948091699e-03,-2.803803912139535282e-02
-2.800062977958200396e-03,-4.373245852901031482e-03,-1.549942069634117556e-02,-1.144129141806334016e-02,-1.093374734798010714e-02
-5.706637293865363114e-04,-2.569259508046579151e-03,-5.171140328213581598e-03,-2.786056980777136451e-03,-1.361387356702212833e-03
7.396502872235093074e-04,1.458198627812799320e-03,3.066976963141756010e-02,2.901490588249689903e-03,3.029392243363668302e-03
1.687726568423600013e-02,1.261524504668266704e-02,3.145768168048437841e-02,2.899278466173400154e-02,3.745403579399881472e-02
-1.640728227282739829e-02,-1.079575411179223114e-02,-5.734874707724291545e-03,-2.538978295170116542e-02,-2.746279230157899764e-02
-5.253888463373198280e-03,-1.173712746793265614e-03,2.904942575373187230e-02,-8.866865214493091507e-03,-8.598885207572296713e-03
-2.995540513859073443e-03,-7.345237450543000597e-03,1.549569178460625564e-02,-5.498411764320317897e-03,-7.932111941420339624e-03
-1.376805751452417174e-02,-1.233888558308653301e-02,1.175201931557649619e-02,-1.082748494580827898e-02,-6.723428501201133591e-03
-2.272930254876067563e-03,-8.585938513228688271e-03,3.767748610949966850e-03,-7.502906706787036174e-03,-1.287655038939174851e-02
1.460027238240653360e-03,-6.730527824144787391e-04,9.055636430323208211e-03,2.667020864058222956e-03,2.295034827866360150e-03
1.145233149758578123e-02,1.261159500377876004e-02,2.809395701358773263e-04,1.061276393051801062e-02,1.171043419668802224e-02
-2.869961628437442142e-03,-1.123221520437392082e-02,-4.088489246194167842e-02,-1.157772790703729023e-02,-2.735339967330528699e-02
-4.951733492784480585e-03,-1.223231090864153412e-03,4.885544204676857405e-03,-9.540525522684932883e-03,-1.268582740439278163e-02
1.226733741770837799e-02,8.346523844889689467e-04,-1.462912799796770372e-02,1.401746109786849818e-02,1.027832621713038568e-02
2.047877288124534678e-03,4.069073397015191863e-03,2.108202418211108792e-02,6.508954542799172752e-03,5.058339901413397288e-03
5.561143055245501912e-03,1.945762252157488869e-03,9.244708201879253684e-03,8.169178527933512041e-03,1.012680012080585190e-03
1.159733209463394144e-02,7.960291506949693577e-03,2.278279613389012914e-02,1.280314865416778275e-02,6.724045564902168988e-03
6.255977167769205018e-03,-1.145107403084953245e-03,-1.522102715593566698e-02,7.086518879292033266e-03,1.367245690423179788e-03
-5.689133669383155539e-03,-3.818625916122284558e-04,-8.186956969839700310e-03,-9.549045984216509436e-03,-1.324483852652014182e-02
2.704244687449743252e-04,-1.149941742070454158e-03,1.550860752904943858e-02,3.111864003538493059e-03,8.008577588119607932e-03
-7.356597459240567759e-03,-4.328032707129903997e-03,1.954603612916594110e-02,-2.723497565192785873e-03,1.604833980442592518e-03
-3.076544238550859255e-03,-5.297157974956456968e-03,1.023733576240298267e-04,-3.035392610556058007e-03,-7.823319770407875101e-03
4.120669875079750397e-03,3.175007551730841225e-03,1.277540271745967841e-02,8.352140159972116368e-03,1.634218056951771553e-02
-7.916963415946127319e-03,-2.039649228839817904e-03,3.411656433114129000e-02,-5.460294039280755816e-03,-1.370923420822365082e-02
-1.471532500881403763e-02,-1.128082360426337777e-02,-2.173596828417892739e-03,-1.968844058483116069e-02,-1.512799008666471968e-02
6.229633971009225328e-03,7.796087770311637549e-03,1.664067698666881054e-03,1.005032700026210583e-02,9.562249982677390944e-03
5.512498238633086606e-03,4.157843589081686685e-03,4.932418854234919825e-03,6.823797447670757604e-03,9.037772088993541175e-03
1.020840653777640647e-02,8.259075851254777875e-03,-1.283767707344286683e-02,7.699256645208520100e-03,7.011688245075166186e-03
-1.561253523663134850e-03,-2.539519677549400330e-03,1.297628511002602708e-02,1.640328686604290926e-03,7.130654655530710602e-03
-1.557552602559498199e-03,2.135857182974433847e-04,7.351790015947271689e-03,-2.180064518782779109e-03,-1.855741066968616144e-03
2.219836372773175207e-02,1.078102730256467502e-02,-2.494033371741979574e-02,2.459661352839082396e-02,1.975766292441811026e-02
8.724150906915761037e-06,-5.918672748279703646e-03,-1.752912536314720285e-02,-2.853053837398751287e-04,-2.331083034614988680e-03
-2.777796712290653454e-03,-1.668888798572326908e-04,-1.440996489433928876e-03,-6.164656658215915061e-03,4.017325498561210954e-03
-3.053292105351217752e-03,-1.517663046197523496e-03,2.377538826302632094e-02,-9.462714265265685610e-04,8.170281953283657032e-04
-6.353127859637589924e-04,-7.313587229864344438e-03,-3.747981763299954722e-02,-5.842491637924393869e-03,-6.869102728755891764e-03
-3.898623357551871723e-03,7.489485648477881572e-04,2.336232396212895718e-02,-4.272580732518716472e-03,-4.082841101223673788e-03
-1.511684894930248081e-04,3.207321846003706282e-03,1.302473358986967235e-02,3.594949346786632024e-03,7.106570883487265539e-03
2.194652515968485013e-03,1.414553116665226993e-03,-9.885532744392680135e-03,2.773618045617422864e-03,1.630656159470341305e-03
1.020821902930239659e-02,1.194421560910870032e-02,1.299422109009219783e-02,1.697556041015738787e-02,1.674904903265042599e-02
4.077841317758551694e-03,1.392191527392038983e-02,4.395932334059745455e-02,1.042588271016711872e-02,2.713749056975559362e-02
-1.449672369012515796e-02,-1.755169870019648512e-02,-2.888438333299882949e-02,-2.510906395649883938e-02,-1.603219792017032339e-02
1.298545857497144379e-02,1.200546998580629028e-02,9.338510058177169199e-03,2.428286682326515414e-02,2.692665395485736857e-02
-4.743725361280658886e-03,-8.578119890811759796e-03,1.726134071133019875e-03,-6.776516374480900939e-03,-3.862209962184063455e-03
7.463870014245159792e-03,6.289693236912276102e-03,1.326008298598237503e-02,1.293320752490483179e-02,1.234027901786890861e-02
8.732210535589013042e-03,1.122244527489294104e-02,2.318449387878408416e-02,1.124941954166227588e-02,2.234245866858948840e-02
5.969365808483185045e-04,4.086383253569750990e-03,-9.057581555198422271e-03,3.948225594127659048e-03,2.157980377917253362e-03
-1.949780499141522138e-04,1.267067937544513788e-03,-1.435665125592144528e-02,-2.693895754279294376e-03,-5.215543912935527091e-03
-9.467071577691565454e-04,-5.720185523061829987e-03,-4.871127702347570476e-02,-2.745949069439263066e-03,-9.113205103593187070e-03
-1.958622887265262270e-03,2.028355034050422986e-03,3.813553130476423497e-02,-1.221707008527755586e-03,2.317876792441405428e-05
1.243420628319160445e-03,5.798089107246355220e-03,7.789003747900396200e-04,6.800114827242170062e-03,1.494634100909992061e-02
-1.684586457447097632e-03,-4.193482669316126940e-03,-1.702424308032522704e-02,-1.012448442041260187e-02,-5.417000602676823318e-03
-7.188392423556201442e-03,9.288125464855138480e-04,9.058390376815978959e-03,-1.153771912379013449e-02,-3.621084785892948917e-03
7.644804604496516047e-03,4.740660268031277567e-03,9.289320193120632549e-03,1.278255541425621193e-02,1.191008687916783257e-02
-2.709348632555987936e-03,-6.947301413151659930e-03,1.089488390438296539e-02,-7.913979543649030113e-03,-5.809666396733462711e-03
-1.156306391266375203e-02,-6.371760500378549109e-03,-1.582501342807687492e-02,-1.959804077365528974e-02,-1.977246361447891274e-02
-1.119946439941050045e-02,-1.513593921782763023e-02,-8.653731478676582323e-03,-1.268226042191479899e-02,-1.477792390028143457e-02
8.911092131353430534e-03,8.073566009772379856e-03,2.721583141039993561e-02,1.993683502654563025e-02,2.454073518469728279e-02
1.310218407565584033e-02,1.175109958398000941e-02,2.459371083236923990e-03,2.228441244691569886e-02,2.396849469870811905e-02
-3.791989923360318711e-03,-4.190958061728249084e-03,-5.183590525573513602e-03,-9.551606023174077920e-03,-2.093993345784749341e-02
-1.369064264353694708e-02,-7.581713122674198398e-03,-5.178068545111806469e-03,-1.968690827609418520e-02,-2.222911855102990136e-02
8.248411285190189804e-03,1.041965578544706839e-02,8.777001471179287848e-03,1.480783615248907302e-02,1.623522248667770215e-02
8.122440711707008950e-04,1.629343261538394785e-03,2.804793696088569988e-02,5.851499431253117875e-03,9.560370943843911340e-03
-3.264898466928733978e-03,-1.411268424163382960e-02,-2.991747454441478007e-02,-5.204728904801141608e-03,-1.323707243337919441e-02
1.407549683959576168e-03,-3.882907522329867404e-03,-2.758897505627641925e-02,3.220161577101472543e-03,-1.677685484814076845e-03
-4.530549100881722281e-03,-1.904186257966120240e-03,1.174981798315671323e-02,-3.823055066436675722e-03,-5.258371027119125053e-03
5.427794140956806665e-03,3.800921527144044960e-04,-1.304150677248963955e-03,5.598285828484792642e-03,3.226641256501573598e-03
2.897297936006257811e-03,5.933085858953030499e-03,1.896924816882625047e-03,6.525255035714610727e-03,1.570958972329585457e-03
-4.075729653510336010e-05,1.632137129183957019e-03,2.357861645167648457e-02,2.665716527619647457e-03,8.113311345472131592e-03
1.258889379020375430e-03,1.116432585932521326e-04,1.131082666276236187e-02,2.991255544855681795e-03,6.418150649751079833e-04
7.533479108189461773e-03,8.695321506797203809e-03,6.765417269205506977e-03,1.259474139379507772e-02,6.628864191244432554e-03
5.434797290965648169e-03,2.319515347716954480e-03,-3.339683047323448173e-02,4.492229083430894498e-03,-2.611861843743671220e-04
8.648237771531359225e-03,1.663904307461663021e-03,2.669936379241201474e-02,1.149466841125822321e-02,6.351206554962243560e-03
-1.415424532333242266e-02,-1.143233718999462321e-02,-1.326065172220899230e-02,-1.957177122077697132e-02,-1.091925468050750948e-02
-4.650858107777398019e-03,-5.660951886907668838e-03,-1.131435017402670530e-02,-1.036871095659515525e-02,-1.002082540917002829e-02
1.100580308303722270e-02,8.410813704756646761e-03,-2.511468302141290059e-03,1.384782313860265061e-02,1.203584894455009963e-02
-2.069965241908446833e-03,-4.358616974709644647e-03,1.340402223697767514e-02,-1.841126245181085291e-03,-8.396595688810298483e-03
1.748280081613649275e-03,-3.051724186831565426e-04,-4.756168980413179315e-02,-6.093846628946083784e-04,-1.086597760414111449e-02
4.238510831196654061e-03,3.988464584192979306e-03,-1.070010814980832704e-02,3.350876392332963888e-03,4.323748179016373427e-03
-1.141654071329385300e-04,-4.091474609211513160e-03,-2.001539586718119323e-02,-1.222750767547437813e-03,-5.153832107762494792e-03
1.593629590571135884e-03,-3.944307498580006469e-03,-1.553790463941054877e-02,-8.904553122133146209e-06,-4.617444953412276273e-03
4.564139330450717180e-03,5.323387778990976496e-03,8.612296413384743290e-03,5.926732046819829791e-03,5.511485105980707712e-03
6.933305287001947231e-03,4.262126400561618358e-03,-5.155202016524364564e-03,1.136566397634561354e-02,2.430268786477914403e-02
-2.055875354054518482e-04,9.269235663813364320e-04,2.344971133615478612e-02,-9.769036852993652909e-06,-1.577766401693846566e-03
3.699950243248915395e-03,1.121792214842613219e-05,-1.499251321740839582e-02,6.221845072946128458e-03,5.434454822680348995e-04
-9.451324952795913878e-03,-7.523910443800519744e-03,-1.772660141691292240e-02,-1.759449164564473936e-02,-9.928241955315910555e-03
8.984315648856319031e-03,2.391558678312373509e-03,-1.709232709649926088e-02,3.925201821715599768e-03,-6.215269826093233578e-03
7.981707083007548095e-03,1.057304326511261140e-02,1.561226524438088896e-02,9.332051602128441786e-03,1.102482826038452511e-02
4.006563510640940434e-03,-1.071937928151718046e-03,-6.996232889048427557e-03,5.489206046171275083e-03,1.073381125685748255e-03
8.502352086911519127e-03,2.360795546324777686e-03,-1.565874624327249012e-02,1.039501479517822811e-02,8.723375517346563385e-03
7.106322802552775958e-03,1.665103149202990700e-03,1.662086250991502007e-02,7.323024913986517573e-03,1.044978134209913027e-02
-2.061405227082766314e-03,-1.606505307002969096e-03,2.152918427550980576e-02,7.984764262604387335e-04,6.677507607998530055e-03
-8.759106339175431674e-03,-1.153795316686338389e-03,3.151777338217887775e-02,-6.379993315782317648e-04,-1.184450175757931515e-03
-9.711051359938869349e-04,-2.537737688416345175e-03,1.010989227124593076e-02,2.003174801646048515e-03,2.793240015230241766e-03
-4.525484223993221297e-03,-1.056162087058463810e-02,4.161724283133525631e-03,-2.260085012931912270e-03,-9.906548177954208924e-04
8.477148426001114914e-03,3.806219934641817942e-03,-1.851529940809685387e-02,4.483069743734258324e-03,1.813150896418384318e-03
-7.308990058606170716e-03,3.102405906506863851e-06,2.796159127341289307e-03,-5.802917294620699683e-03,-2.729559965205305763e-03
-1.600852295779494694e-03,-5.054878305679328103e-06,-2.681473720542456793e-02,-2.262662183456512054e-03,-1.195059630664561078e-02
2.678857179289406872e-03,-1.415298229350655601e-03,-6.904000272551989205e-03,3.466164857423566052e-03,5.404616595274370702e-03
-7.460603084692955453e-03,-6.139066875026195046e-03,-3.505612404684214055e-03,-1.147281689214984732e-02,-7.025167176900650075e-03
-5.766955040712281461e-03,-1.415298933292857006e-03,1.563103939568508821e-02,-5.460275632305683184e-03,-8.956931160464831967e-03
4.925887696301526307e-03,7.702057427570064424e-03,-4.620704460446651077e-03,3.707022530647597399e-03,-1.056363599751053992e-03
6.649270607676041362e-06,-1.421951572388779677e-04,9.223107767465783119e-03,-9.905413627040373249e-04,4.891409474402848810e-03
1.155714083018416537e-03,-8.774574114476130660e-04,-3.746271057788577719e-02,-8.231376140134451670e-04,-1.197718811287935663e-02
-1.713695391876833375e-05,5.777113531717600024e-03,2.955608845421163391e-03,1.382542505851765699e-03,8.164027823518453866e-03
-1.564790819310575218e-02,-1.003282555711448691e-02,4.122526438552962663e-03,-2.042764968573569304e-02,-1.601437229424782643e-02
-9.346474017851035985e-05,4.041959434025826046e-04,-1.517693969275738311e-02,-1.845755725644169024e-03,1.728437610110457800e-03
9.343308838779131693e-04,1.739008898602482792e-03,1.938599879659712961e-03,6.282283111765899104e-03,1.294197211020500088e-03
-1.574662034340782715e-03,3.949630254829254142e-04,1.562681074194747707e-02,-5.399850261463844158e-04,4.058509892685707547e-03
-1.189119799849986574e-03,-6.095536756888791582e-03,-4.618542188632020901e-02,-1.059039142745058990e-02,-7.132001958149085906e-03
-5.654219159710443046e-03,-1.354164562358920430e-02,-1.546471905910665363e-02,-1.175335101929847470e-02,-1.892581672822662292e-02
1.227564124151931356e-02,1.124305097186865943e-02,0.000000000000000000e+00,1.195694121718659901e-02,1.216070344762696515e-02
4.038147460288547472e-03,1.596451642481484280e-03,2.541845183549493181e-02,1.160128347625128710e-02,1.316542477204771071e-02
9.240245931208247027e-03,1.039793512343246268e-02,3.841029655336140967e-03,1.988527881048952894e-02,1.838585819038719010e-02
6.328702444714173758e-03,3.853294798586791043e-03,-1.677224453886323394e-02,6.393749292400961737e-03,5.995395438405073246e-03
2.672711335572047070e-03,7.437679836386151084e-04,1.207556327489633756e-02,6.615875243674623242e-03,6.659595599260183067e-03
-2.816950798548320707e-03,7.566815707346519638e-04,-9.144155286085235094e-04,-5.133161261910168700e-03,-8.856573328149442911e-03
2.601090707046465125e-03,3.854244290407707265e-04,1.038691709627879642e-02,2.821844151757358417e-03,1.092958729049500755e-02
-7.283117113110525263e-04,1.213449974001127706e-03,-7.996037606676525966e-03,-3.042596856157933887e-03,-9.017036621275143285e-03
-2.707516722206885964e-03,-8.110979894064957417e-04,2.930673677140746905e-02,5.168134847736020930e-04,5.885265536517343340e-03
1.651578867946979987e-02,1.045000342558173242e-02,7.308532647569237345e-03,2.346175104916661466e-02,2.391410508870075308e-02
-7.001718180175350859e-04,5.855555065896710099e-03,9.832179465305261254e-03,3.250648498186781187e-04,4.019297864893950530e-03
-1.162476999581020000e-02,-9.758952829370101667e-03,2.795350484038814937e-03,-1.483627733305307311e-02,-6.589507034033427642e-03
1.109129213105641484e-02,1.965621868757164593e-03,-5.629819577726655026e-03,1.630849860690400388e-02,1.026261330050759653e-02
-8.655470930788741399e-03,-2.054015771719543051e-03,1.069351707272092437e-02,-6.236616889192344269e-03,-4.256029428616604597e-03
1.148527572216107885e-02,1.259901337412956505e-02,8.770710656789882168e-03,1.995745817444662812e-02,2.663626768719547927e-02
2.437304435631782330e-03,7.476324080113674496e-04,-1.289249725646501518e-02,3.115805513596532628e-03,4.066065700199282887e-03
-1.634260362672270220e-02,-9.801555947259801838e-03,-5.222778222794161561e-03,-2.353387681862526351e-02,-1.565134696539248471e-02
2.811464759146128835e-03,6.515792252876824800e-03,3.172097631707839621e-02,5.764461896119892070e-03,8.340418708933539094e-03
4.233006659944028340e-03,5.388179667535089590e-03,-1.031719676963454430e-03,4.469773472956829752e-03,9.558754772086975118e-03
-2.986129953544381169e-02,-2.011124833398761705e-02,8.794660058606908540e-03,-3.625639715174819311e-02,-2.745495728640513430e-02
1.358697274758539561e-03,1.150826998355511084e-03,7.363708567982589839e-03,2.120100706199899970e-03,3.232268139898796921e-03
5.745554818135742252e-03,6.978868679578929422e-04,-2.354834892335724936e-03,5.000752383806295574e-03,-1.008358887580725494e-03
2.826032676668337705e-04,-2.237285343923179747e-03,1.308523790591249909e-02,3.990856376831813240e-03,7.796523183172148104e-03
-1.501539045843209522e-03,-1.162305070824813874e-03,2.520380760428655282e-04,-5.577391731477682364e-03,-1.210707666221670122e-02
2.689876327491313914e-03,2.087799655760107773e-04,-2.373814164830977819e-02,2.696558871115900709e-03,-7.793561424681019582e-03
-1.157859347938292212e-02,-1.682243327890555352e-03,6.515406643925230473e-03,-9.502234445997822035e-03,-9.938592472863137101e-03
3.898028811562825619e-03,4.010645386497454883e-03,1.960969896203139037e-02,3.735582348896284571e-03,6.342929212624705791e-03
5.136818494832276309e-03,1.597620242565539819e-03,-3.253798226226024045e-03,2.817670452545821547e-03,-1.053511406534942459e-03
2.814134434600627874e-03,2.978997060441466657e-03,-1.222652114593134227e-02,1.371025715117338501e-03,-2.777778258181505533e-03
-1.384111800954147473e-02,-3.257808814545380422e-03,-8.837578820380389069e-03,-1.551556061196565466e-02,-2.087864523145532142e-03
5.868945835255993254e-03,1.964315586798061862e-03,4.801047422371159008e-03,7.132535670418042005e-03,3.884426242683570139e-03
1.030316660202533138e-02,1.042833259642800790e-02,-1.853144825841868560e-03,1.221286307752966586e-02,1.049462422429167478e-02
-8.148647056265967761e-03,-7.774471294875755570e-03,-2.110048141351800275e-03,-1.077480361149603730e-02,-1.719589074549672525e-02
-6.610933306493355262e-03,-6.602824230681319725e-03,-3.506423407495408342e-03,-3.885911770034297316e-03,1.384007225019359298e-03
2.958523857426977738e-03,5.315826279174666949e-03,-2.156293892314852315e-02,2.217206977546571246e-03,6.737933001239118820e-03
2.313472860266842582e-03,-3.320862473668443823e-03,-8.091607581017299169e-03,8.375053765856004841e-04,-3.578485298028814040e-03
-3.086202595103951923e-03,-7.550028038403853309e-03,-1.282817658059953736e-02,-1.147522847830331413e-02,-1.573834326293602898e-02
1.218646602539385192e-02,9.736654838885350910e-03,-1.050025973178138686e-02,1.722141366258523112e-02,1.666961468825547965e-02
7.542433890439058722e-03,6.509059672312322332e-03,3.435107773363937911e-02,1.136655865237570437e-02,1.244532709330551518e-02
8.538881337629925655e-04,-1.768017011043994261e-03,-1.055318721030779408e-02,2.947228211115834103e-03,1.852135905098330464e-03
7.427721187139107138e-03,3.106744595055693347e-03,-9.020852553188042459e-04,6.561957772593633373e-03,8.495823199737047434e-04
1.572467749432915340e-02,9.679067378083825932e-03,-1.506309513103408493e-02,1.701741114722956846e-02,1.496829101226317561e-03
1.685402475522580421e-03,-1.362336458393111896e-03,-1.085830466474244776e-02,2.417034454461094387e-03,4.994309244449946991e-03
-4.150964005843301580e-03,-3.112256113984548673e-03,-1.752637373822076364e-02,-1.163028448401455528e-02,-1.547856321934424143e-02
3.829237276016065131e-03,1.215035883585227497e-03,-2.327333989242936357e-02,1.986858203754093659e-03,-2.784903457224936329e-03
1.038611192855879405e-02,5.404527139307845757e-03,-1.062550879543406289e-02,7.332491543766273337e-03,2.168809362370138511e-03
-5.889264012782283002e-03,-3.300281813065592245e-03,2.593495748771746994e-04,-1.013490270119558022e-02,-2.091288839592356577e-02
1.914356918932072493e-02,2.124213934163106735e-02,-1.866975391226484470e-03,2.902139506889006570e-02,5.123640763411597965e-02
-3.285475571797107433e-03,6.599973365627953776e-04,9.253733951396081805e-03,-2.361984602119188842e-03,-8.602645588167237914e-03
1.806773929057714132e-04,8.239432569912701759e-03,4.262766896914487423e-03,4.939318354975019698e-03,1.360934896215842960e-02
-1.087456365133645728e-02,-5.345866558699586060e-03,-2.688710802459452417e-02,-1.759806726572803875e-02,-1.286329538506435395e-02
1.059718928807864592e-02,1.486949751555723467e-02,1.297385178886828645e-02,1.576056507846857260e-02,1.679444838158732772e-02
-8.514532920644179602e-05,1.266337988826109944e-03,2.721660572362565034e-02,2.103789812220947190e-03,1.141295816849727772e-02
8.025650124869063498e-03,2.359780971947343913e-03,-1.868632045749827166e-03,1.233832475170404397e-02,1.165511940683539201e-02
8.772115340711251347e-03,5.532937090492302812e-03,-2.314126267437823740e-03,1.278671305506641834e-02,1.217265070380221456e-02
1.020810107739668869e-02,6.084768107239137656e-03,1.176736260609090312e-02,1.528437472965237832e-02,1.192691040137168479e-02
5.257522563948431940e-03,7.379666316209173432e-03,0.000000000000000000e+00,5.503322017336809667e-03,6.718686567841527894e-03
1.613673965060786683e-02,1.119779230820345389e-02,-2.018424419909001927e-02,1.629005475172028150e-02,1.251759417859826633e-02
-1.164727057543538807e-02,-9.680911253582800968e-03,-3.532932956895955181e-03,-1.100727386851926663e-02,-1.790132832433876178e-02
-1.493308394330589151e-02,-5.546733145144068511e-03,1.100564839876834802e-02,-1.980311367024913116e-02,-1.107862375940414298e-02
-2.022554112186954363e-03,-5.187602703078375826e-04,6.797852384553495879e-03,-3.934100369657450753e-03,1.079054623761444053e-03
-1.712213431080397480e-04,1.707980170915962374e-03,2.808873298062520771e-02,1.697817475240804511e-03,1.040222852103915227e-02
2.682573649051187524e-03,3.026476447563923372e-04,1.925934273691276045e-03,1.343457964676055558e-03,-2.246582558866476974e-03
-9.444392768497816837e-03,-1.094451490264026702e-02,-1.448612761672987345e-02,-1.475228510759882955e-02,-2.101603647125182758e-02
1.375177104033042247e-02,9.155731992371242758e-03,-1.148714608211534767e-02,1.529464699441240860e-02,8.533357666087381527e-03
-2.542360208923399000e-03,-7.404826276944720398e-03,-1.964531280606899091e-02,-3.553498333608056964e-03,-7.528397697574003809e-03
-3.126743491923534429e-03,1.383539636356615442e-03,1.990251824626742064e-02,-2.120493101631746626e-03,1.102098144326021760e-02
-3.051949434805919549e-03,-3.161228157833235065e-03,-7.635174360460928030e-04,-1.071363582253900566e-03,-1.727173457509356387e-03
5.971284754083051524e-03,6.621737828827933738e-04,6.720021835636345343e-03,1.276622591053579864e-02,1.735453161747618073e-02
-4.905988224587386898e-03,1.408140830914249514e-03,7.077379107045268444e-03,-9.554058512493433797e-03,-1.520532087080015381e-02
1.625727793687477274e-02,1.159731930187701127e-02,1.947599126627900037e-02,1.901336697184447325e-02,2.114276152744656162e-02
-7.405189295436028461e-03,-7.911026465786938355e-03,-5.443632647765214196e-03,-8.356669583590310355e-03,-3.387308403565122191e-03
5.230568319463974047e-03,2.018333185073537851e-03,9.211476057483191510e-03,5.468353969921125636e-03,6.140611783766964336e-03
-1.543522208070993718e-02,-6.491703357025643134e-03,1.607462212116201813e-02,-1.869611585524195291e-02,-1.479982244980729798e-02
8.531877717175200080e-04,3.228257552268591537e-03,7.051922109691743934e-03,3.108496005958156366e-03,-7.959890374714617689e-03
-2.876535235479687775e-03,-9.173823921935846896e-04,4.263633649905883977e-02,7.086073957356140785e-04,2.249908419195314861e-03
3.964634288956558200e-03,7.745765195891800986e-03,2.320927497508059462e-02,5.811926934022216586e-03,7.126873464933772620e-03
-1.426497915428061791e-03,3.618993876112222303e-03,8.919667135634643321e-03,6.889080760705182773e-04,8.413212285624035048e-04
1.736494356245315770e-02,9.812568008336443326e-03,-2.173120431257283963e-02,1.911836049275182289e-02,4.022370303799703214e-03
5.847695313659644241e-03,-3.765300392613341756e-04,-4.074668377637050793e-04,1.125853832516223070e-02,1.002330074220234707e-02
9.180158594793959639e-03,7.655041695800579062e-03,-5.411133980187844347e-03,1.393845643707571254e-02,2.126160856307840810e-02
1.072311831760499462e-02,5.812315125525522458e-03,-5.184840808378769761e-03,8.259973195817728667e-03,7.974393140999794932e-03
-3.060391064280221316e-03,-3.446749313953486726e-03,-6.457493494685956174e-03,-1.000704341672368873e-02,-1.677244300076527819e-02
5.391422780200872539e-03,3.554876951110266282e-03,6.185994250393337356e-03,8.267730875172655744e-03,7.007016287134553573e-03
-7.708107653881479844e-03,-9.787125733350976117e-03,-1.553849777242808858e-02,-1.146491844765762033e-02,-8.599541726695419594e-03
1.674924429121780675e-02,1.262689144023902178e-02,4.862154488377260116e-03,2.360238875193001323e-02,2.711561214406729356e-02
9.006960981117861920e-03,3.665436998830427003e-03,-1.919946317477123909e-02,1.303279458583252864e-02,1.086280867863175653e-02
8.796804604908101122e-03,9.273137846173212101e-03,8.842674712275047991e-03,6.441463352450221488e-03,4.124050181629755271e-03
-7.656305014070829106e-03,-5.936015880028664739e-03,4.872799208259903821e-03,-1.235159695659998440e-02,-1.150435156403507853e-02
6.723102790585246472e-03,7.481203856336593504e-05,-1.635478590676983646e-02,3.891578881603150863e-03,9.194643558533289454e-04
5.745623635877092350e-03,3.124616394659103340e-03,1.594006214752222844e-02,1.149311057712607692e-02,6.091958047176768316e-03
-1.341867670845761293e-02,-1.019570537179399772e-02,-3.078557602710470936e-02,-1.883733375268131782e-02,-1.883673809787753464e-02
7.510920966722938602e-03,5.879240627228107981e-03,-1.276114448833953145e-03,8.713183723202960404e-03,4.463586028459014081e-03
-1.509297430843373200e-02,-1.549014106619425214e-02,-7.947734773945948697e-03,-2.429791487739413336e-02,-2.966500244748532938e-02
-1.160669261461579928e-02,-7.579393666981593461e-03,3.715322519719258584e-03,-1.014994883848042116e-02,-1.039010527410321599e-02
2.851731962135379325e-03,2.199040893247877770e-03,-6.700251533336389759e-03,7.388264920266640091e-03,6.416845646570060527e-03
-3.023061977334232705e-03,7.066896180492216470e-04,-1.070484348729559658e-02,-7.425266146072864552e-03,-1.961151189715528830e-03
-5.970915641353358692e-03,-5.566417620089081364e-03,1.419279417167618879e-02,-2.640711914046659121e-03,-3.376486861357490699e-03
2.077381608201870049e-03,6.261832763809228701e-03,1.976378159861729225e-02,6.126047694811780076e-03,1.097381826587753677e-02
-1.721898530042942355e-02,-1.875480850917961642e-02,-8.032509425527755570e-03,-2.461362726607634055e-02,-2.368602678190847785e-02
-2.075614826642291876e-03,-1.361935990730275261e-03,1.649111058507372321e-03,-4.145151898095494371e-03,2.979445677294910531e-03
-9.579525973461913702e-03,1.256484098391516925e-03,-7.786547287944381446e-03,-1.430061609087623573e-02,-1.498182631378869659e-02
-7.794188990787544527e-03,-8.317208560686385754e-03,-8.806850359265093117e-03,-1.761188189384457758e-02,-1.563278178962498183e-02
-2.286193735096615776e-02,-1.513059150567858113e-02,3.003593524714332288e-02,-2.274762296342500503e-02,-5.056658058782874735e-03
-3.307125667410118551e-04,-2.361448679718399716e-04,1.043380834630558938e-02,-2.823863783703114581e-04,1.892858042350093568e-03
2.647157039697940056e-03,3.979477169839656372e-04,-1.498942231318639400e-02,4.465618669245973935e-03,-1.630673395027949389e-04
7.682926848247139708e-03,1.294237267011233601e-03,-1.742822998927441927e-02,2.785006733223612495e-03,3.876892021549041252e-04
-6.125787366403677089e-03,-4.777091294212709553e-03,-9.544544920097865160e-04,-8.357083270863735480e-03,-1.523424079601390195e-02
-2.891154358572132436e-03,6.855613177600716236e-04,5.183900792871701420e-03,3.068829882175607001e-04,-3.598512565984649664e-03
8.940756133152325327e-03,1.002895935508390027e-02,9.829359352811045322e-03,1.198021320195801626e-02,1.037404898359376056e-02
-1.823866029609290222e-03,-2.233577317756637887e-03,4.361567903159441553e-03,-3.032545879554639830e-03,-1.961341327678514982e-04
-9.999388067853944365e-03,-1.601475490947897561e-03,5.751929892681141056e-03,-9.420385608116161463e-03,-6.752293303460493203e-03
-1.400807407475744212e-02,-1.202915785865294428e-02,1.734006130974247899e-03,-1.204489314905131045e-02,-6.716311332000296161e-03
2.227580915825030233e-02,1.642416525664347829e-02,5.034489064889135362e-04,2.692458322021476849e-02,2.139183841610305808e-02
-1.735048215322615092e-02,-1.593129664069348889e-02,-6.244139518835734037e-03,-2.758069636351591705e-02,-1.651602060085771359e-02
-5.727672724923005797e-03,3.874069370415482742e-04,3.599831820038400243e-02,2.851829495449937756e-04,7.002581744587423745e-03
1.270989642891762108e-03,6.665359529383908495e-04,-6.405890828219408008e-03,2.581208310640003504e-03,4.463592948426549703e-03
1.569308756644192341e-03,-5.028587506846543195e-04,-3.115455426817386603e-02,-2.483847028791611095e-04,-1.361827587446259348e-02
-1.453005984756128126e-02,-9.809907162596998020e-03,-1.575431096681412582e-02,-2.048691900242343919e-02,-1.841350860886912036e-02
-3.691141011712768989e-03,1.507759695885704972e-03,9.173536323873514309e-03,-5.925549243941902709e-03,-7.299270194484863174e-03
-2.069792993529660438e-03,-3.549187635475064585e-03,8.867832584886956547e-04,-7.060281931383020904e-03,-4.095783353785426711e-03
1.650320848508486996e-02,5.902529942370527208e-03,-9.007363712534533981e-04,2.227010310963114040e-02,2.452017331481896878e-02
2.672413590686490825e-03,-2.177228217759670775e-03,-1.262632560455394237e-02,3.186069658148373614e-03,8.674960168088099652e-03
-5.125170386824722500e-04,-2.191957070348640128e-03,2.887254324844777068e-03,2.321554763709435948e-03,3.023984083547386417e-03
3.300113374589917596e-03,-1.100006624453031545e-03,-4.986073141906519762e-02,6.807575343120686982e-04,5.163736539848626239e-03
1.146750176260749468e-03,-1.079850769065828419e-03,-1.001277520654671530e-02,2.490397954230967343e-03,2.296089824890900234e-03
2.105268759448137769e-04,1.719508253372172869e-03,-5.601679755210565992e-03,3.550824363232732688e-03,1.674922523110798731e-03
1.296579361373272933e-02,1.127145435055303471e-02,-1.540039678778924032e-02,1.577325341399694186e-02,1.510249160251828700e-03
5.867345366952195565e-03,-7.020886198521696098e-04,1.557576546826825586e-02,6.672701051091288818e-03,2.298968875690996904e-03
-1.967704087560348536e-03,1.213276123990159397e-03,3.737567431311953400e-03,9.327166941728566672e-04,4.863766689548659761e-03
-4.800962854488603770e-03,-4.918040474034364104e-03,-1.263379531295419703e-02,-5.461647648803079867e-03,-1.193550312400108206e-02
-2.790627036641002250e-03,9.404388255173050241e-05,1.181000948873006488e-02,-4.129786438668363660e-03,4.012885423302441600e-03
2.651407342325614192e-03,2.554813481521705718e-03,-8.809666911669554804e-03,1.566549274919391268e-03,1.256722953894986051e-03
-3.844147592053682463e-04,1.638243912048333885e-04,-1.317668030750713051e-02,-2.260930567742491879e-03,-5.046561610149437674e-03
5.722275352129756534e-03,5.761832582394486521e-03,-1.315523019637874526e-02,6.526261605669600625e-03,6.738825087752067268e-03
9.010917892003889387e-03,4.736252457281707115e-03,9.147668423181182229e-03,2.841479645890641371e-03,1.933718028496115042e-03
-6.981556819604342601e-03,-1.166066823962395339e-02,-1.240739758657683108e-02,-1.531982153258623636e-02,-1.979243944564653204e-02
2.502782825815724668e-03,3.180421291798200953e-04,-9.903289188472684523e-03,1.633348865005638043e-03,-1.738324359289430531e-03
1.267000398608397922e-02,4.306139796836225969e-03,-1.692601203402586962e-02,1.579001038888678751e-02,6.705550049020727807e-03
1.014866381968395140e-02,4.349064176911845124e-03,-1.758372364382138411e-02,6.450187362461484025e-03,4.037707657290503897e-03
-1.367936373253985510e-02,-9.511869652227829958e-03,-4.068273895761080616e-02,-2.037711852505282029e-02,-2.788173112765085157e-02
2.801367725201770516e-03,5.589910897529797029e-03,2.341349070348566069e-02,5.563276884480717645e-03,6.308478871195818787e-03
-6.992211746116442847e-03,2.377257329962097817e-03,1.874864706408239587e-03,-1.165785902795119823e-02,1.155882427410274792e-04
-1.173671094871273947e-02,-1.070763296907599645e-02,-2.723752677782451809e-02,-1.533463451723036247e-02,-1.589549311972962911e-02
1.192518792365903149e-02,1.037925207495693156e-02,6.157541316127009001e-03,1.644596944461109225e-02,1.190678905211297982e-02
7.473947057491009231e-03,2.426043278795891444e-03,-2.721782431656935564e-02,6.246878105802952316e-03,-3.980980439808024483e-03
-2.856190789327034928e-03,1.516278667870151571e-03,1.991981278882353976e-02,-4.101773603909578125e-03,4.694343375158754016e-03
1.145813554526114997e-02,1.396264731243090571e-02,1.241158194434567770e-02,1.696423732862300041e-02,2.449564900695568384e-02
1.242945752399613434e-02,1.202243959322327194e-02,2.945990444340173056e-02,1.727873550023284119e-02,8.672969737565020334e-03
4.121451331643529413e-03,6.929570472835721445e-04,-4.650373075179177191e-04,3.758018258451344649e-03,3.356482359503253163e-03
-2.880349441706246596e-03,-6.459013738754963881e-03,-1.576854361376016367e-02,-5.461616035178257743e-03,-5.952518829974562560e-03
-1.385531638844313129e-02,-8.604960619678098804e-03,4.398402663496658871e-02,-6.581202583114413932e-03,-7.299877967599861101e-03
2.379350315534768581e-03,6.090723269763785239e-03,2.057781907465588978e-02,7.021283809943791414e-03,8.703627917819799567e-03
-8.884022398856029901e-03,-6.459217985041930572e-03,9.217310974921800668e-03,-1.008052990743115579e-02,-1.066831881809536010e-02
1.852024977145489901e-02,1.259093313559798977e-02,-8.737350367887279298e-03,2.491098890399144616e-02,2.453489874172660665e-02
7.976688700275680333e-03,3.636500319986751047e-03,-9.489631480731017601e-03,5.655581533839069107e-03,-1.090991807216153825e-02
-1.841723199270661748e-02,-8.300560833742859704e-03,2.921093580313368146e-02,-1.799712565413397539e-02,-1.598607026235078499e-02
-5.241044656009431930e-03,-1.135044820464318214e-03,-2.950438015229458685e-02,-8.507134571173068441e-03,-2.295184467824011240e-02
4.214723754589862897e-03,1.212515964026665951e-03,7.546881358359583403e-03,6.307223433588797501e-03,3.070053553595505046e-03
4.491273382699813299e-03,-9.086832182644317838e-04,-3.863511106966248387e-02,1.604785794715239862e-03,-4.199976052438398472e-03
4.678720944615571455e-03,1.141153477389202434e-02,6.351264398867920158e-03,7.554450674899695038e-03,7.911917562204995313e-03
-9.475140975527580542e-03,-1.077074472344333872e-02,-1.850192441875278884e-02,-2.193443431609746683e-02,-1.747596465860172532e-02
-4.943853611300634901e-03,-5.229981143518546739e-03,1.800995679722087323e-02,-8.589399606214159332e-04,8.948100522940753698e-03
7.576757884143793705e-03,6.211549874445729605e-03,2.148356862798179653e-02,1.724280265588141667e-02,2.701154610422558389e-02
