Date,^GSPC,^DJI,^TNX,^IXIC,^RUT
2023-01-03,3824.139892578125,33136.37109375,3.7929999828338623,10386.98046875,1750.72998046875
2023-01-04,3852.969970703125,33269.76953125,3.7090001106262207,10458.759765625,1772.5400390625
2023-01-05,3808.10009765625,32930.078125,3.7200000286102295,10305.240234375,1753.18994140625
2023-01-06,3895.080078125,33630.609375,3.569000005722046,10569.2900390625,1792.800048828125
2023-01-09,3892.090087890625,33517.6484375,3.5169999599456787,10635.650390625,1795.9100341796875
2023-01-10,3919.25,33704.1015625,3.621000051498413,10742.6298828125,1822.6500244140625
2023-01-11,3969.610107421875,33973.01171875,3.553999900817871,10931.669921875,1844.050048828125
2023-01-12,3983.169921875,34189.96875,3.4489998817443848,11001.099609375,1876.06005859375
2023-01-13,3999.090087890625,34302.609375,3.510999917984009,11079.16015625,1887.030029296875
2023-01-17,3990.969970703125,33910.8515625,3.5350000858306885,11095.1103515625,1884.2900390625
2023-01-18,3928.860107421875,33296.9609375,3.375,10957.009765625,1854.3599853515625
2023-01-19,3898.85009765625,33044.55859375,3.3970000743865967,10852.26953125,1836.3499755859375
2023-01-20,3972.610107421875,33375.48828125,3.4839999675750732,11140.4296875,1867.3399658203125
2023-01-23,4019.81005859375,33629.55859375,3.5250000953674316,11364.41015625,1890.77001953125
2023-01-24,4016.949951171875,33733.9609375,3.4690001010894775,11334.26953125,1885.6099853515625
2023-01-25,4016.219970703125,33743.83984375,3.4619998931884766,11313.3603515625,1890.3199462890625
2023-01-26,4060.429931640625,33949.41015625,3.493000030517578,11512.41015625,1903.06005859375
2023-01-27,4070.56005859375,33978.078125,3.5179998874664307,11621.7099609375,1911.4599609375
2023-01-30,4017.77001953125,33717.08984375,3.5510001182556152,11393.8095703125,1885.719970703125
2023-01-31,4076.60009765625,34086.0390625,3.5290000438690186,11584.5498046875,1931.93994140625
2023-02-01,4119.2099609375,34092.9609375,3.3970000743865967,11816.3203125,1960.81005859375
2023-02-02,4179.759765625,34053.94140625,3.3959999084472656,12200.8203125,2001.219970703125
2023-02-03,4136.47998046875,33926.01171875,3.5320000648498535,12006.9501953125,1985.530029296875
2023-02-06,4111.080078125,33891.01953125,3.634000062942505,11887.4501953125,1957.719970703125
2023-02-07,4164.0,34156.69140625,3.6740000247955322,12113.7900390625,1972.6099853515625
2023-02-08,4117.85986328125,33949.01171875,3.6530001163482666,11910.51953125,1942.5999755859375
2023-02-09,4081.5,33699.87890625,3.683000087738037,11789.580078125,1915.3399658203125
2023-02-10,4090.4599609375,33869.26953125,3.74399995803833,11718.1201171875,1918.81005859375
2023-02-13,4137.2900390625,34245.9296875,3.7170000076293945,11891.7900390625,1941.1400146484375
2023-02-14,4136.1298828125,34089.26953125,3.760999917984009,11960.150390625,1939.9100341796875
2023-02-15,4147.60009765625,34128.05078125,3.809000015258789,12070.58984375,1960.969970703125
2023-02-16,4090.409912109375,33696.8515625,3.8429999351501465,11855.830078125,1942.2099609375
2023-02-17,4079.090087890625,33826.69140625,3.828000068664551,11787.26953125,1946.3599853515625
2023-02-21,3997.340087890625,33129.58984375,3.9549999237060547,11492.2998046875,1888.2099609375
2023-02-22,3991.050048828125,33045.08984375,3.9230000972747803,11507.0703125,1894.6800537109375
2023-02-23,4012.320068359375,33153.91015625,3.878999948501587,11590.400390625,1908.0899658203125
2023-02-24,3970.0400390625,32816.921875,3.9489998817443848,11394.9404296875,1890.489990234375
2023-02-27,3982.239990234375,32889.08984375,3.921999931335449,11466.98046875,1896.27001953125
2023-02-28,3970.14990234375,32656.69921875,3.9159998893737793,11455.5400390625,1896.989990234375
2023-03-01,3951.389892578125,32661.83984375,3.99399995803833,11379.48046875,1898.4300537109375
2023-03-02,3981.35009765625,33003.5703125,4.072999954223633,11462.98046875,1902.6600341796875
2023-03-03,4045.639892578125,33390.96875,3.9639999866485596,11689.009765625,1928.260009765625
2023-03-06,4048.419921875,33431.44140625,3.9830000400543213,11675.740234375,1899.760009765625
2023-03-07,3986.3701171875,32856.4609375,3.9749999046325684,11530.330078125,1878.719970703125
2023-03-08,3992.010009765625,32798.3984375,3.9760000705718994,11576.0,1879.47998046875
2023-03-09,3918.320068359375,32254.859375,3.924999952316284,11338.349609375,1826.5899658203125
2023-03-10,3861.590087890625,31909.640625,3.694999933242798,11138.8896484375,1772.699951171875
2023-03-13,3855.760009765625,31819.140625,3.515000104904175,11188.83984375,1744.300048828125
2023-03-14,3919.2900390625,32155.400390625,3.638000011444092,11428.150390625,1776.8900146484375
2023-03-15,3891.929931640625,31874.5703125,3.492000102996826,11434.0498046875,1745.93994140625
2023-03-16,3960.280029296875,32246.55078125,3.5850000381469727,11717.2802734375,1771.239990234375
2023-03-17,3916.639892578125,31861.98046875,3.3949999809265137,11630.509765625,1725.8900146484375
2023-03-20,3951.570068359375,32244.580078125,3.4809999465942383,11675.5400390625,1744.989990234375
2023-03-21,4002.8701171875,32560.599609375,3.6059999465942383,11860.1103515625,1777.739990234375
2023-03-22,3936.969970703125,32030.109375,3.5,11669.9599609375,1727.3599853515625
2023-03-23,3948.719970703125,32105.25,3.4059998989105225,11787.400390625,1720.2900390625
2023-03-24,3970.989990234375,32237.529296875,3.380000114440918,11823.9599609375,1734.9200439453125
2023-03-27,3977.530029296875,32432.080078125,3.5280001163482666,11768.83984375,1753.6700439453125
2023-03-28,3971.27001953125,32394.25,3.563999891281128,11716.080078125,1752.6300048828125
2023-03-29,4027.81005859375,32717.599609375,3.565999984741211,11926.240234375,1771.5999755859375
2023-03-30,4050.830078125,32859.03125,3.5510001182556152,12013.4697265625,1768.3800048828125
2023-03-31,4109.31005859375,33274.1484375,3.49399995803833,12221.91015625,1802.47998046875
2023-04-03,4124.509765625,33601.1484375,3.430000066757202,12189.4501953125,1802.31005859375
2023-04-04,4100.60009765625,33402.37890625,3.3369998931884766,12126.330078125,1769.6500244140625
2023-04-05,4090.3798828125,33482.71875,3.2869999408721924,11996.8603515625,1752.1300048828125
2023-04-06,4105.02001953125,33485.2890625,3.2880001068115234,12087.9599609375,1754.4599609375
2023-04-10,4109.10986328125,33586.51953125,3.4149999618530273,12084.3603515625,1772.43994140625
2023-04-11,4108.93994140625,33684.7890625,3.434000015258789,12031.8798828125,1786.5899658203125
2023-04-12,4091.949951171875,33646.5,3.4210000038146973,11929.33984375,1773.699951171875
2023-04-13,4146.22021484375,34029.69140625,3.4519999027252197,12166.26953125,1796.6800537109375
2023-04-14,4137.64013671875,33886.46875,3.5220000743865967,12123.4697265625,1781.1500244140625
2023-04-17,4151.31982421875,33987.1796875,3.5910000801086426,12157.7197265625,1802.8399658203125
2023-04-18,4154.8701171875,33976.62890625,3.572000026702881,12153.41015625,1795.550048828125
2023-04-19,4154.52001953125,33897.01171875,3.6019999980926514,12157.23046875,1799.43994140625
2023-04-20,4129.7900390625,33786.62109375,3.5450000762939453,12059.5595703125,1789.699951171875
2023-04-21,4133.52001953125,33808.9609375,3.569999933242798,12072.4599609375,1791.510009765625
2023-04-24,4137.0400390625,33875.3984375,3.515000104904175,12037.2001953125,1788.8699951171875
2023-04-25,4071.6298828125,33530.828125,3.3959999084472656,11799.16015625,1745.949951171875
2023-04-26,4055.989990234375,33301.87109375,3.431999921798706,11854.349609375,1730.4100341796875
2023-04-27,4135.35009765625,33826.16015625,3.5280001163482666,12142.240234375,1751.219970703125
2023-04-28,4169.47998046875,34098.16015625,3.4519999027252197,12226.580078125,1768.989990234375
2023-05-01,4167.8701171875,34051.69921875,3.5739998817443848,12212.599609375,1769.2099609375
2023-05-02,4119.580078125,33684.53125,3.438999891281128,12080.509765625,1732.1099853515625
2023-05-03,4090.75,33414.23828125,3.4030001163482666,12025.330078125,1739.280029296875
2023-05-04,4061.219970703125,33127.73828125,3.3510000705718994,11966.400390625,1718.81005859375
2023-05-05,4136.25,33674.37890625,3.446000099182129,12235.41015625,1759.8800048828125
2023-05-08,4138.1201171875,33618.69140625,3.5209999084472656,12256.919921875,1754.469970703125
2023-05-09,4119.169921875,33561.80859375,3.5209999084472656,12179.5498046875,1749.6800537109375
2023-05-10,4137.64013671875,33531.328125,3.438999891281128,12306.4404296875,1759.510009765625
2023-05-11,4130.6201171875,33309.51171875,3.3970000743865967,12328.509765625,1744.7099609375
2023-05-12,4124.080078125,33300.62109375,3.4630000591278076,12284.740234375,1740.8499755859375
2023-05-15,4136.27978515625,33348.6015625,3.507999897003174,12365.2099609375,1761.550048828125
2023-05-16,4109.89990234375,33012.140625,3.5490000247955322,12343.0498046875,1736.1800537109375
2023-05-17,4158.77001953125,33420.76953125,3.5810000896453857,12500.5703125,1774.5
2023-05-18,4198.0498046875,33535.91015625,3.6480000019073486,12688.83984375,1784.8599853515625
2023-05-19,4191.97998046875,33426.62890625,3.691999912261963,12657.900390625,1773.719970703125
2023-05-22,4192.6298828125,33286.578125,3.7190001010894775,12720.7802734375,1795.3800048828125
2023-05-23,4145.580078125,33055.51171875,3.697999954223633,12560.25,1787.7099609375
2023-05-24,4115.240234375,32799.921875,3.7190001010894775,12484.16015625,1767.0
2023-05-25,4151.27978515625,32764.650390625,3.813999891281128,12698.08984375,1754.5999755859375
2023-05-26,4205.4501953125,33093.33984375,3.809999942779541,12975.6904296875,1773.02001953125
2023-05-30,4205.52001953125,33042.78125,3.700000047683716,13017.4296875,1767.2900390625
2023-05-31,4179.830078125,32908.26953125,3.63700008392334,12935.2900390625,1749.6500244140625
2023-06-01,4221.02001953125,33061.5703125,3.6080000400543213,13100.98046875,1767.93994140625
2023-06-02,4282.3701171875,33762.76171875,3.690999984741211,13240.76953125,1830.9100341796875
2023-06-05,4273.7900390625,33562.859375,3.693000078201294,13229.4296875,1806.7099609375
2023-06-06,4283.85009765625,33573.28125,3.6989998817443848,13276.419921875,1855.4000244140625
2023-06-07,4267.52001953125,33665.01953125,3.7839999198913574,13104.900390625,1888.449951171875
2023-06-08,4293.93017578125,33833.609375,3.7139999866485596,13238.51953125,1880.780029296875
2023-06-09,4298.85986328125,33876.78125,3.744999885559082,13259.1396484375,1865.7099609375
2023-06-12,4338.93017578125,34066.328125,3.765000104904175,13461.919921875,1873.2099609375
2023-06-13,4369.009765625,34212.12109375,3.8389999866485596,13573.3203125,1896.3299560546875
2023-06-14,4372.58984375,33979.328125,3.7960000038146973,13626.48046875,1874.0999755859375
2023-06-15,4425.83984375,34408.05859375,3.7279999256134033,13782.8203125,1889.280029296875
2023-06-16,4409.58984375,34299.12109375,3.7690000534057617,13689.5703125,1875.469970703125
2023-06-20,4388.7099609375,34053.87109375,3.7290000915527344,13667.2900390625,1866.699951171875
2023-06-21,4365.68994140625,33951.51953125,3.7230000495910645,13502.2001953125,1863.010009765625
2023-06-22,4381.89013671875,33946.7109375,3.7990000247955322,13630.6103515625,1848.1800537109375
2023-06-23,4348.330078125,33727.4296875,3.739000082015991,13492.51953125,1821.6300048828125
2023-06-26,4328.81982421875,33714.7109375,3.7190001010894775,13335.7802734375,1823.260009765625
2023-06-27,4378.41015625,33926.73828125,3.7679998874664307,13555.669921875,1849.9300537109375
2023-06-28,4376.85986328125,33852.66015625,3.7100000381469727,13591.75,1858.7099609375
2023-06-29,4396.43994140625,34122.421875,3.8540000915527344,13591.330078125,1881.5899658203125
2023-06-30,4450.3798828125,34407.6015625,3.819000005722046,13787.919921875,1888.72998046875
2023-07-03,4455.58984375,34418.46875,3.8580000400543213,13816.76953125,1896.780029296875
2023-07-05,4446.81982421875,34288.640625,3.944999933242798,13791.650390625,1872.9100341796875
2023-07-06,4411.58984375,33922.26171875,4.040999889373779,13679.0400390625,1842.22998046875
2023-07-07,4398.9501953125,33734.87890625,4.050000190734863,13660.7197265625,1864.6600341796875
2023-07-10,4409.52978515625,33944.3984375,4.00600004196167,13685.48046875,1895.25
2023-07-11,4439.259765625,34261.421875,3.9800000190734863,13760.7001953125,1913.3599853515625
2023-07-12,4472.16015625,34347.4296875,3.8610000610351562,13918.9599609375,1933.3800048828125
2023-07-13,4510.0400390625,34395.140625,3.760999917984009,14138.5703125,1950.8900146484375
2023-07-14,4505.419921875,34509.03125,3.819000005722046,14113.7001953125,1931.0899658203125
2023-07-17,4522.7900390625,34585.3515625,3.796999931335449,14244.9501953125,1951.27001953125
2023-07-18,4554.97998046875,34951.9296875,3.7890000343322754,14353.6396484375,1976.0699462890625
2023-07-19,4565.72021484375,35061.2109375,3.742000102996826,14358.01953125,1984.8900146484375
2023-07-20,4534.8701171875,35225.1796875,3.8540000915527344,14063.3095703125,1967.1600341796875
2023-07-21,4536.33984375,35227.69140625,3.8369998931884766,14032.8095703125,1960.260009765625
2023-07-24,4554.64013671875,35411.23828125,3.8570001125335693,14058.8701171875,1965.6800537109375
2023-07-25,4567.4599609375,35438.0703125,3.9119999408721924,14144.5595703125,1966.1099853515625
2023-07-26,4566.75,35520.12109375,3.8510000705718994,14127.2802734375,1980.3599853515625
2023-07-27,4537.41015625,35282.71875,4.01200008392334,14050.1103515625,1954.9000244140625
2023-07-28,4582.22998046875,35459.2890625,3.9690001010894775,14316.66015625,1981.5400390625
2023-07-31,4588.9599609375,35559.53125,3.9590001106262207,14346.01953125,2003.1800537109375
2023-08-01,4576.72998046875,35630.6796875,4.051000118255615,14283.91015625,1994.1700439453125
2023-08-02,4513.39013671875,35282.51953125,4.078000068664551,13973.4501953125,1966.8299560546875
2023-08-03,4501.89013671875,35215.890625,4.189000129699707,13959.7197265625,1961.4000244140625
2023-08-04,4478.02978515625,35065.62109375,4.059999942779541,13909.240234375,1957.4599609375
2023-08-07,4518.43994140625,35473.12890625,4.078000068664551,13994.400390625,1958.93994140625
2023-08-08,4499.3798828125,35314.48828125,4.026000022888184,13884.3203125,1947.4200439453125
2023-08-09,4467.7099609375,35123.359375,4.01200008392334,13722.01953125,1930.77001953125
2023-08-10,4468.830078125,35176.1484375,4.079999923706055,13737.990234375,1922.6199951171875
2023-08-11,4464.0498046875,35281.3984375,4.168000221252441,13644.849609375,1925.1099853515625
2023-08-14,4489.72021484375,35307.62890625,4.184000015258789,13788.330078125,1920.489990234375
2023-08-15,4437.85986328125,34946.390625,4.2210001945495605,13631.0498046875,1895.75
2023-08-16,4404.330078125,34765.73828125,4.257999897003174,13474.6298828125,1871.52001953125
2023-08-17,4370.35986328125,34474.828125,4.308000087738037,13316.9296875,1850.06005859375
2023-08-18,4369.7099609375,34500.66015625,4.250999927520752,13290.7802734375,1859.4200439453125
2023-08-21,4399.77001953125,34463.69140625,4.3420000076293945,13497.58984375,1856.010009765625
2023-08-22,4387.5498046875,34288.828125,4.328000068664551,13505.8701171875,1850.8399658203125
2023-08-23,4436.009765625,34472.98046875,4.197999954223633,13721.0302734375,1870.030029296875
2023-08-24,4376.31005859375,34099.421875,4.235000133514404,13463.9697265625,1846.280029296875
2023-08-25,4405.7099609375,34346.8984375,4.238999843597412,13590.650390625,1853.6300048828125
2023-08-28,4433.31005859375,34559.98046875,4.211999893188477,13705.1298828125,1869.010009765625
2023-08-29,4497.6298828125,34852.671875,4.122000217437744,13943.759765625,1895.5400390625
2023-08-30,4514.8701171875,34890.23828125,4.118000030517578,14019.3095703125,1903.2099609375
2023-08-31,4507.66015625,34721.91015625,4.0929999351501465,14034.9697265625,1899.6800537109375
2023-09-01,4515.77001953125,34837.7109375,4.172999858856201,14031.8095703125,1920.8299560546875
2023-09-05,4496.830078125,34641.96875,4.26800012588501,14020.9501953125,1880.449951171875
2023-09-06,4465.47998046875,34443.19140625,4.289999961853027,13872.4697265625,1874.280029296875
2023-09-07,4451.14013671875,34500.73046875,4.260000228881836,13748.830078125,1855.760009765625
2023-09-08,4457.490234375,34576.58984375,4.257999897003174,13761.5302734375,1851.5400390625
2023-09-11,4487.4599609375,34663.71875,4.288000106811523,13917.8896484375,1855.1400146484375
2023-09-12,4461.89990234375,34645.98828125,4.263999938964844,13773.6103515625,1855.3199462890625
2023-09-13,4467.43994140625,34575.53125,4.249000072479248,13813.58984375,1840.8399658203125
2023-09-14,4505.10009765625,34907.109375,4.288000106811523,13926.0498046875,1866.6300048828125
2023-09-15,4450.31982421875,34618.23828125,4.322000026702881,13708.330078125,1847.030029296875
2023-09-18,4453.52978515625,34624.30078125,4.318999767303467,13710.240234375,1834.300048828125
2023-09-19,4443.9501953125,34517.73046875,4.364999771118164,13678.1904296875,1826.530029296875
2023-09-20,4402.2001953125,34440.87890625,4.348999977111816,13469.1298828125,1810.0999755859375
2023-09-21,4330.0,34070.421875,4.480000019073486,13223.98046875,1781.8299560546875
2023-09-22,4320.06005859375,33963.83984375,4.438000202178955,13211.8095703125,1776.5
2023-09-25,4337.43994140625,34006.87890625,4.541999816894531,13271.3203125,1784.239990234375
2023-09-26,4273.52978515625,33618.87890625,4.558000087738037,13063.6103515625,1761.6099853515625
2023-09-27,4274.509765625,33550.26953125,4.625999927520752,13092.849609375,1778.9000244140625
2023-09-28,4299.7001953125,33666.33984375,4.5970001220703125,13201.2802734375,1794.31005859375
2023-09-29,4288.0498046875,33507.5,4.572999954223633,13219.3203125,1785.0999755859375
2023-10-02,4288.39013671875,33433.3515625,4.683000087738037,13307.76953125,1756.8199462890625
2023-10-03,4229.4501953125,33002.37890625,4.802000045776367,13059.4697265625,1727.1500244140625
2023-10-04,4263.75,33129.55078125,4.735000133514404,13236.009765625,1729.010009765625
2023-10-05,4258.18994140625,33119.5703125,4.7170000076293945,13219.830078125,1731.510009765625
2023-10-06,4308.5,33407.578125,4.783999919891357,13431.33984375,1745.56005859375
2023-10-09,4335.66015625,33604.6484375,4.796999931335449,13484.240234375,1755.989990234375
2023-10-10,4358.240234375,33739.30078125,4.65500020980835,13562.83984375,1775.949951171875
2023-10-11,4376.9501953125,33804.87109375,4.59499979019165,13659.6796875,1773.300048828125
2023-10-12,4349.60986328125,33631.140625,4.711999893188477,13574.2197265625,1734.25
2023-10-13,4327.77978515625,33670.2890625,4.629000186920166,13407.23046875,1719.7099609375
2023-10-16,4373.6298828125,33984.5390625,4.711999893188477,13567.98046875,1747.06005859375
2023-10-17,4373.2001953125,33997.6484375,4.8470001220703125,13533.75,1766.050048828125
2023-10-18,4314.60009765625,33665.078125,4.9039998054504395,13314.2998046875,1728.81005859375
2023-10-19,4278.0,33414.171875,4.98799991607666,13186.1796875,1702.699951171875
2023-10-20,4224.16015625,33127.28125,4.923999786376953,12983.8095703125,1680.7900390625
2023-10-23,4217.0400390625,32936.41015625,4.8379998207092285,13018.330078125,1665.8800048828125
2023-10-24,4247.68017578125,33141.37890625,4.840000152587891,13139.8701171875,1679.5
2023-10-25,4186.77001953125,33035.9296875,4.953000068664551,12821.2197265625,1651.4300537109375
2023-10-26,4137.22998046875,32784.30078125,4.84499979019165,12595.6103515625,1657.0
2023-10-27,4117.3701171875,32417.58984375,4.84499979019165,12643.009765625,1636.93994140625
2023-10-30,4166.81982421875,32928.9609375,4.875,12789.48046875,1647.2900390625
2023-10-31,4193.7998046875,33052.87109375,4.875,12851.240234375,1662.280029296875
2023-11-01,4237.85986328125,33274.578125,4.789000034332275,13061.4697265625,1669.699951171875
2023-11-02,4317.77978515625,33839.078125,4.669000148773193,13294.1904296875,1714.2099609375
2023-11-03,4358.33984375,34061.3203125,4.558000087738037,13478.2802734375,1760.699951171875
2023-11-06,4365.97998046875,34095.859375,4.6620001792907715,13518.7802734375,1737.93994140625
2023-11-07,4378.3798828125,34152.6015625,4.571000099182129,13639.8603515625,1733.1500244140625
2023-11-08,4382.77978515625,34112.26953125,4.5229997634887695,13650.41015625,1714.0699462890625
2023-11-09,4347.35009765625,33891.94140625,4.630000114440918,13521.4501953125,1687.239990234375
2023-11-10,4415.240234375,34283.1015625,4.627999782562256,13798.1103515625,1705.3199462890625
2023-11-13,4411.5498046875,34337.87109375,4.631999969482422,13767.740234375,1705.5
2023-11-14,4495.7001953125,34827.69921875,4.440999984741211,14094.3798828125,1798.3199462890625
2023-11-15,4502.8798828125,34991.2109375,4.534999847412109,14103.83984375,1801.219970703125
2023-11-16,4508.240234375,34945.46875,4.445000171661377,14113.669921875,1773.760009765625
2023-11-17,4514.02001953125,34947.28125,4.440999984741211,14125.48046875,1797.77001953125
2023-11-20,4547.3798828125,35151.0390625,4.421999931335449,14284.5302734375,1807.0799560546875
2023-11-21,4538.18994140625,35088.2890625,4.418000221252441,14199.98046875,1783.260009765625
2023-11-22,4556.6201171875,35273.03125,4.415999889373779,14265.8603515625,1795.5400390625
2023-11-24,4559.33984375,35390.1484375,4.4720001220703125,14250.849609375,1807.5
2023-11-27,4550.43017578125,35333.46875,4.388999938964844,14241.01953125,1801.1500244140625
2023-11-28,4554.89013671875,35416.98046875,4.335999965667725,14281.759765625,1792.81005859375
2023-11-29,4550.580078125,35430.421875,4.270999908447266,14258.490234375,1803.81005859375
2023-11-30,4567.7998046875,35950.890625,4.3520002365112305,14226.2197265625,1809.02001953125
2023-12-01,4594.6298828125,36245.5,4.22599983215332,14305.0302734375,1862.6400146484375
2023-12-04,4569.77978515625,36204.44140625,4.288000106811523,14185.490234375,1882.02001953125
2023-12-05,4567.18017578125,36124.55859375,4.171000003814697,14229.91015625,1856.0400390625
2023-12-06,4549.33984375,36054.4296875,4.120999813079834,14146.7099609375,1852.050048828125
2023-12-07,4585.58984375,36117.37890625,4.129000186920166,14339.990234375,1868.25
2023-12-08,4604.3701171875,36247.87109375,4.244999885559082,14403.9697265625,1880.8199462890625
2023-12-11,4622.43994140625,36404.9296875,4.238999843597412,14432.490234375,1883.6800537109375
2023-12-12,4643.7001953125,36577.94140625,4.205999851226807,14533.400390625,1881.27001953125
2023-12-13,4707.08984375,37090.23828125,4.0329999923706055,14733.9599609375,1947.510009765625
2023-12-14,4719.5498046875,37248.3515625,3.930000066757202,14761.5595703125,2000.510009765625
2023-12-15,4719.18994140625,37305.16015625,3.927999973297119,14813.919921875,1985.1300048828125
2023-12-18,4740.56005859375,37306.01953125,3.9539999961853027,14904.8095703125,1982.4200439453125
2023-12-19,4768.3701171875,37557.921875,3.921999931335449,15003.2197265625,2020.949951171875
2023-12-20,4698.35009765625,37082.0,3.877000093460083,14777.9404296875,1982.8399658203125
2023-12-21,4746.75,37404.3515625,3.8940000534057617,14963.8701171875,2017.06005859375
2023-12-22,4754.6298828125,37385.96875,3.9010000228881836,14992.9697265625,2033.9599609375
2023-12-26,4774.75,37545.328125,3.885999917984009,15074.5703125,2059.18994140625
2023-12-27,4781.580078125,37656.51953125,3.7890000343322754,15099.1796875,2066.2099609375
2023-12-28,4783.35009765625,37710.1015625,3.8499999046325684,15095.1396484375,2058.340087890625
2023-12-29,4769.830078125,37689.5390625,3.865999937057495,15011.349609375,2027.0699462890625
2024-01-02,4742.830078125,37715.0390625,3.946000099182129,14765.9404296875,2012.800048828125
2024-01-03,4704.81005859375,37430.19140625,3.9070000648498535,14592.2099609375,1959.199951171875
2024-01-04,4688.68017578125,37440.33984375,3.990999937057495,14510.2998046875,1957.72998046875
2024-01-05,4697.240234375,37466.109375,4.041999816894531,14524.0703125,1951.1400146484375
2024-01-08,4763.5400390625,37683.01171875,4.001999855041504,14843.76953125,1989.010009765625
2024-01-09,4756.5,37525.16015625,4.019000053405762,14857.7099609375,1968.0400390625
2024-01-10,4783.4501953125,37695.73046875,4.03000020980835,14969.650390625,1970.260009765625
2024-01-11,4780.240234375,37711.01953125,3.9769999980926514,14970.1904296875,1955.4599609375
2024-01-12,4783.830078125,37592.98046875,3.950000047683716,14972.759765625,1950.9599609375
2024-01-16,4765.97998046875,37361.12109375,4.065999984741211,14944.349609375,1927.300048828125
2024-01-17,4739.2099609375,37266.671875,4.105999946594238,14855.6201171875,1913.1700439453125
2024-01-18,4780.93994140625,37468.609375,4.144000053405762,15055.650390625,1923.6500244140625
2024-01-19,4839.81005859375,37863.80078125,4.145999908447266,15310.9697265625,1944.3900146484375
2024-01-22,4850.43017578125,38001.80859375,4.093999862670898,15360.2900390625,1983.3800048828125
2024-01-23,4864.60009765625,37905.44921875,4.142000198364258,15425.9404296875,1976.27001953125
2024-01-24,4868.5498046875,37806.390625,4.177999973297119,15481.919921875,1961.8599853515625
2024-01-25,4894.16015625,38049.12890625,4.131999969482422,15510.5,1975.8800048828125
2024-01-26,4890.97021484375,38109.4296875,4.159999847412109,15455.3603515625,1978.3299560546875
2024-01-29,4927.93017578125,38333.44921875,4.091000080108643,15628.0400390625,2011.4200439453125
2024-01-30,4924.97021484375,38467.30859375,4.059000015258789,15509.900390625,1996.239990234375
2024-01-31,4845.64990234375,38150.30078125,3.9670000076293945,15164.009765625,1947.3399658203125
2024-02-01,4906.18994140625,38519.83984375,3.86299991607666,15361.6396484375,1974.4200439453125
2024-02-02,4958.60986328125,38654.421875,4.0329999923706055,15628.9501953125,1962.72998046875
2024-02-05,4942.81005859375,38380.12109375,4.164000034332275,15597.6796875,1937.239990234375
2024-02-06,4954.22998046875,38521.359375,4.090000152587891,15609.0,1953.6300048828125
2024-02-07,4995.06005859375,38677.359375,4.110000133514404,15756.6396484375,1950.3599853515625
2024-02-08,4997.91015625,38726.328125,4.170000076293945,15793.7099609375,1979.699951171875
2024-02-09,5026.60986328125,38671.69140625,4.186999797821045,15990.66015625,2009.989990234375
2024-02-12,5021.83984375,38797.37890625,4.171999931335449,15942.5498046875,2045.260009765625
2024-02-13,4953.169921875,38272.75,4.315999984741211,15655.599609375,1964.1700439453125
2024-02-14,5000.6201171875,38424.26953125,4.267000198364258,15859.150390625,2012.0999755859375
2024-02-15,5029.72998046875,38773.12109375,4.239999771118164,15906.169921875,2061.47998046875
2024-02-16,5005.56982421875,38627.98828125,4.295000076293945,15775.650390625,2045.1400146484375
2024-02-20,4975.509765625,38563.80078125,4.275000095367432,15630.7802734375,2004.1400146484375
2024-02-21,4981.7998046875,38612.23828125,4.324999809265137,15580.8701171875,1994.739990234375
2024-02-22,5087.02978515625,39069.109375,4.327000141143799,16041.6201171875,2013.8399658203125
2024-02-23,5088.7998046875,39131.53125,4.260000228881836,15996.8203125,2016.68994140625
2024-02-26,5069.52978515625,39069.23046875,4.298999786376953,15976.25,2028.969970703125
2024-02-27,5078.18017578125,38972.41015625,4.315000057220459,16035.2998046875,2056.110107421875
2024-02-28,5069.759765625,38949.01953125,4.27400016784668,15947.740234375,2040.31005859375
2024-02-29,5096.27001953125,38996.390625,4.251999855041504,16091.919921875,2054.840087890625
2024-03-01,5137.080078125,39087.37890625,4.179999828338623,16274.9404296875,2076.389892578125
2024-03-04,5130.9501953125,38989.828125,4.218999862670898,16207.509765625,2074.31005859375
2024-03-05,5078.64990234375,38585.19140625,4.13700008392334,15939.58984375,2053.7099609375
2024-03-06,5104.759765625,38661.05078125,4.104000091552734,16031.5400390625,2068.090087890625
2024-03-07,5157.35986328125,38791.3515625,4.0920000076293945,16273.3798828125,2084.739990234375
2024-03-08,5123.68994140625,38722.69140625,4.089000225067139,16085.1103515625,2082.7099609375
2024-03-11,5117.93994140625,38769.66015625,4.104000091552734,16019.26953125,2065.8798828125
2024-03-12,5175.27001953125,39005.48828125,4.15500020980835,16265.6396484375,2065.47998046875
2024-03-13,5165.31005859375,39043.3203125,4.191999912261963,16177.76953125,2071.7099609375
2024-03-14,5150.47998046875,38905.66015625,4.297999858856201,16128.5302734375,2031.1800537109375
2024-03-15,5117.08984375,38714.76953125,4.303999900817871,15973.169921875,2039.3199462890625
2024-03-18,5149.419921875,38790.4296875,4.340000152587891,16103.4501953125,2024.739990234375
2024-03-19,5178.509765625,39110.76171875,4.296999931335449,16166.7900390625,2035.7099609375
2024-03-20,5224.6201171875,39512.12890625,4.2729997634887695,16369.41015625,2074.8798828125
2024-03-21,5241.52978515625,39781.37109375,4.270999908447266,16401.83984375,2098.56005859375
2024-03-22,5234.18017578125,39475.8984375,4.2179999351501465,16428.8203125,2072.0
2024-03-25,5218.18994140625,39313.640625,4.252999782562256,16384.470703125,2074.159912109375
2024-03-26,5203.580078125,39282.328125,4.234000205993652,16315.7001953125,2070.159912109375
2024-03-27,5248.490234375,39760.078125,4.196000099182129,16399.51953125,2114.35009765625
2024-03-28,5254.35009765625,39807.37109375,4.205999851226807,16379.4599609375,2124.550048828125
2024-04-01,5243.77001953125,39566.8515625,4.328999996185303,16396.830078125,2102.840087890625
2024-04-02,5205.81005859375,39170.23828125,4.364999771118164,16240.4501953125,2065.0400390625
2024-04-03,5211.490234375,39127.140625,4.355000019073486,16277.4599609375,2076.199951171875
2024-04-04,5147.2099609375,38596.98046875,4.309000015258789,16049.080078125,2053.830078125
2024-04-05,5204.33984375,38904.0390625,4.377999782562256,16248.51953125,2063.469970703125
2024-04-08,5202.39013671875,38892.80078125,4.423999786376953,16253.9599609375,2073.7099609375
2024-04-09,5209.91015625,38883.671875,4.366000175476074,16306.6396484375,2080.800048828125
2024-04-10,5160.64013671875,38461.51171875,4.559999942779541,16170.3603515625,2028.3900146484375
2024-04-11,5199.06005859375,38459.078125,4.576000213623047,16442.19921875,2042.5999755859375
2024-04-12,5123.41015625,37983.23828125,4.499000072479248,16175.08984375,2003.1700439453125
2024-04-15,5061.81982421875,37735.109375,4.627999782562256,15885.01953125,1975.7099609375
2024-04-16,5051.41015625,37798.96875,4.658999919891357,15865.25,1967.47998046875
2024-04-17,5022.2099609375,37753.30859375,4.585000038146973,15683.3701171875,1947.949951171875
2024-04-18,5011.1201171875,37775.37890625,4.646999835968018,15601.5,1942.9599609375
2024-04-19,4967.22998046875,37986.3984375,4.614999771118164,15282.009765625,1947.6600341796875
2024-04-22,5010.60009765625,38239.98046875,4.623000144958496,15451.3095703125,1967.469970703125
2024-04-23,5070.5498046875,38503.69140625,4.5980000495910645,15696.6396484375,2002.6400146484375
2024-04-24,5071.6298828125,38460.921875,4.6519999504089355,15712.75,1995.4300537109375
2024-04-25,5048.419921875,38085.80078125,4.705999851226807,15611.759765625,1981.1199951171875
2024-04-26,5099.9599609375,38239.66015625,4.669000148773193,15927.900390625,2002.0
2024-04-29,5116.169921875,38386.08984375,4.613999843597412,15983.080078125,2016.030029296875
2024-04-30,5035.68994140625,37815.921875,4.685999870300293,15657.8203125,1973.9100341796875
2024-05-01,5018.39013671875,37903.2890625,4.59499979019165,15605.48046875,1980.22998046875
2024-05-02,5064.2001953125,38225.66015625,4.571000099182129,15840.9599609375,2016.1099853515625
2024-05-03,5127.7900390625,38675.6796875,4.5,16156.330078125,2035.719970703125
2024-05-06,5180.740234375,38852.26953125,4.488999843597412,16349.25,2060.669921875
2024-05-07,5187.7001953125,38884.26171875,4.4629998207092285,16332.5595703125,2064.64990234375
2024-05-08,5187.669921875,39056.390625,4.492000102996826,16302.759765625,2055.139892578125
2024-05-09,5214.080078125,39387.76171875,4.448999881744385,16346.259765625,2073.6298828125
2024-05-10,5222.68017578125,39512.83984375,4.504000186920166,16340.8701171875,2059.780029296875
2024-05-13,5221.419921875,39431.51171875,4.480999946594238,16388.240234375,2062.1201171875
2024-05-14,5246.68017578125,39558.109375,4.445000171661377,16511.1796875,2085.68994140625
2024-05-15,5308.14990234375,39908.0,4.355999946594238,16742.390625,2109.4599609375
2024-05-16,5297.10009765625,39869.37890625,4.376999855041504,16698.3203125,2096.25
2024-05-17,5303.27001953125,40003.58984375,4.420000076293945,16685.970703125,2095.719970703125
2024-05-20,5308.1298828125,39806.76953125,4.436999797821045,16794.869140625,2102.5
2024-05-21,5321.41015625,39872.98828125,4.414000034332275,16832.619140625,2098.360107421875
2024-05-22,5307.009765625,39671.0390625,4.434000015258789,16801.5390625,2081.7099609375
2024-05-23,5267.83984375,39065.26171875,4.474999904632568,16736.029296875,2048.409912109375
2024-05-24,5304.72021484375,39069.58984375,4.4670000076293945,16920.7890625,2069.669921875
2024-05-28,5306.0400390625,38852.859375,4.541999816894531,17019.880859375,2066.85009765625
2024-05-29,5266.9501953125,38441.5390625,4.624000072479248,16920.580078125,2036.18994140625
2024-05-30,5235.47998046875,38111.48046875,4.553999900817871,16737.080078125,2056.60009765625
2024-05-31,5277.509765625,38686.3203125,4.513999938964844,16735.01953125,2070.1298828125
2024-06-03,5283.39990234375,38571.03125,4.4019999504089355,16828.669921875,2059.679931640625
2024-06-04,5291.33984375,38711.2890625,4.335999965667725,16857.05078125,2033.93994140625
2024-06-05,5354.02978515625,38807.328125,4.289000034332275,17187.900390625,2063.8701171875
2024-06-06,5352.9599609375,38886.171875,4.281000137329102,17173.119140625,2049.43994140625
2024-06-07,5346.990234375,38798.98828125,4.429999828338623,17133.130859375,2026.550048828125
2024-06-10,5360.7900390625,38868.0390625,4.468999862670898,17192.529296875,2031.6099853515625
2024-06-11,5375.31982421875,38747.421875,4.4039998054504395,17343.55078125,2024.3499755859375
2024-06-12,5421.02978515625,38712.2109375,4.295000076293945,17608.439453125,2057.10009765625
2024-06-13,5433.740234375,38647.1015625,4.23799991607666,17667.560546875,2038.9100341796875
2024-06-14,5431.60009765625,38589.16015625,4.2129998207092285,17688.880859375,2006.1600341796875
2024-06-17,5473.22998046875,38778.1015625,4.2789998054504395,17857.01953125,2022.010009765625
2024-06-18,5487.02978515625,38834.859375,4.2170000076293945,17862.23046875,2025.22998046875
2024-06-20,5473.169921875,39134.76171875,4.254000186920166,17721.58984375,2017.3900146484375
2024-06-21,5464.6201171875,39150.328125,4.256999969482422,17689.359375,2022.030029296875
2024-06-24,5447.8701171875,39411.2109375,4.248000144958496,17496.8203125,2030.81005859375
2024-06-25,5469.2998046875,39112.16015625,4.23799991607666,17717.650390625,2022.3499755859375
2024-06-26,5477.89990234375,39127.80078125,4.315999984741211,17805.16015625,2018.1199951171875
2024-06-27,5482.8701171875,39164.05859375,4.288000106811523,17858.6796875,2038.3399658203125
2024-06-28,5460.47998046875,39118.859375,4.3429999351501465,17732.599609375,2047.68994140625
2024-07-01,5475.08984375,39169.51953125,4.479000091552734,17879.30078125,2030.0699462890625
2024-07-02,5509.009765625,39331.8515625,4.435999870300293,18028.759765625,2033.8699951171875
2024-07-03,5537.02001953125,39308.0,4.355000019073486,18188.30078125,2036.6199951171875
2024-07-05,5567.18994140625,39375.87109375,4.271999835968018,18352.759765625,2026.72998046875
2024-07-08,5572.85009765625,39344.7890625,4.269000053405762,18403.740234375,2038.6700439453125
2024-07-09,5576.97998046875,39291.96875,4.300000190734863,18429.2890625,2029.469970703125
2024-07-10,5633.91015625,39721.359375,4.28000020980835,18647.44921875,2051.75
2024-07-11,5584.5400390625,39753.75,4.192999839782715,18283.41015625,2125.0400390625
2024-07-12,5615.35009765625,40000.8984375,4.189000129699707,18398.44921875,2148.27001953125
2024-07-15,5631.22021484375,40211.71875,4.229000091552734,18472.5703125,2187.02001953125
2024-07-16,5667.2001953125,40954.48046875,4.166999816894531,18509.33984375,2263.669921875
2024-07-17,5588.27001953125,41198.078125,4.145999908447266,17996.919921875,2239.669921875
2024-07-18,5544.58984375,40665.01953125,4.189000129699707,17871.220703125,2198.2900390625
2024-07-19,5505.0,40287.53125,4.238999843597412,17726.939453125,2184.35009765625
2024-07-22,5564.41015625,40415.44140625,4.260000228881836,18007.5703125,2220.64990234375
2024-07-23,5555.740234375,40358.08984375,4.238999843597412,17997.349609375,2243.27001953125
2024-07-24,5427.1298828125,39853.87109375,4.285999774932861,17342.41015625,2195.3701171875
2024-07-25,5399.22021484375,39935.0703125,4.25600004196167,17181.720703125,2222.97998046875
2024-07-26,5459.10009765625,40589.33984375,4.199999809265137,17357.880859375,2260.070068359375
2024-07-29,5463.5400390625,40539.9296875,4.177999973297119,17370.19921875,2235.330078125
2024-07-30,5436.43994140625,40743.328125,4.14300012588501,17147.419921875,2243.139892578125
2024-07-31,5522.2998046875,40842.7890625,4.109000205993652,17599.400390625,2254.47998046875
2024-08-01,5446.68017578125,40347.96875,3.9760000705718994,17194.150390625,2186.159912109375
2024-08-02,5346.56005859375,39737.26171875,3.7920000553131104,16776.16015625,2109.31005859375
2024-08-05,5186.330078125,38703.26953125,3.7850000858306885,16200.080078125,2039.1600341796875
2024-08-06,5240.02978515625,38997.66015625,3.888000011444092,16366.849609375,2064.300048828125
2024-08-07,5199.5,38763.44921875,3.9679999351501465,16195.8095703125,2035.1099853515625
2024-08-08,5319.31005859375,39446.48828125,3.996999979019165,16660.01953125,2084.419921875
2024-08-09,5344.16015625,39497.5390625,3.941999912261963,16745.30078125,2080.919921875
2024-08-12,5344.39013671875,39357.01171875,3.9089999198913574,16780.609375,2062.080078125
2024-08-13,5434.43017578125,39765.640625,3.8519999980926514,17187.609375,2095.18994140625
2024-08-14,5455.2099609375,40008.390625,3.819999933242798,17192.599609375,2084.320068359375
2024-08-15,5543.22021484375,40563.05859375,3.9260001182556152,17594.5,2135.469970703125
2024-08-16,5554.25,40659.76171875,3.8919999599456787,17631.720703125,2141.919921875
2024-08-19,5608.25,40896.53125,3.867000102996826,17876.76953125,2167.5
2024-08-20,5597.1201171875,40834.96875,3.818000078201294,17816.939453125,2142.18994140625
2024-08-21,5620.85009765625,40890.48828125,3.7780001163482666,17918.990234375,2170.56005859375
2024-08-22,5570.64013671875,40712.78125,3.861999988555908,17619.349609375,2150.030029296875
2024-08-23,5634.60986328125,41175.078125,3.806999921798706,17877.7890625,2218.699951171875
2024-08-26,5616.83984375,41240.51953125,3.818000078201294,17725.76953125,2217.919921875
2024-08-27,5625.7998046875,41250.5,3.8329999446868896,17754.8203125,2203.0
2024-08-28,5592.18017578125,41091.421875,3.8410000801086426,17556.029296875,2188.639892578125
2024-08-29,5591.9599609375,41335.05078125,3.867000102996826,17516.4296875,2202.97998046875
2024-08-30,5648.39990234375,41563.078125,3.9110000133514404,17713.619140625,2217.6298828125
2024-09-03,5528.93017578125,40936.9296875,3.8440001010894775,17136.30078125,2149.2099609375
2024-09-04,5520.06982421875,40974.96875,3.7679998874664307,17084.30078125,2145.219970703125
2024-09-05,5503.41015625,40755.75,3.7309999465942383,17127.66015625,2132.050048828125
2024-09-06,5408.419921875,40345.41015625,3.7100000381469727,16690.830078125,2091.409912109375
2024-09-09,5471.0498046875,40829.58984375,3.697000026702881,16884.599609375,2097.780029296875
2024-09-10,5495.52001953125,40736.9609375,3.6459999084472656,17025.880859375,2097.43994140625
2024-09-11,5554.1298828125,40861.7109375,3.6530001163482666,17395.529296875,2103.85009765625
2024-09-12,5595.759765625,41096.76953125,3.680000066757202,17569.6796875,2129.429931640625
2024-09-13,5626.02001953125,41393.78125,3.6500000953674316,17683.98046875,2182.489990234375
2024-09-16,5633.08984375,41622.078125,3.621000051498413,17592.130859375,2189.169921875
2024-09-17,5634.580078125,41606.1796875,3.6419999599456787,17628.060546875,2205.47998046875
2024-09-18,5618.259765625,41503.1015625,3.684999942779541,17573.30078125,2206.340087890625
2024-09-19,5713.64013671875,42025.19140625,3.740000009536743,18013.98046875,2252.7099609375
2024-09-20,5702.5498046875,42063.359375,3.7279999256134033,17948.3203125,2227.889892578125
2024-09-23,5718.56982421875,42124.6484375,3.739000082015991,17974.26953125,2220.280029296875
2024-09-24,5732.93017578125,42208.21875,3.7360000610351562,18074.51953125,2223.989990234375
2024-09-25,5722.259765625,41914.75,3.7809998989105225,18082.2109375,2197.449951171875
2024-09-26,5745.3701171875,42175.109375,3.7909998893737793,18190.2890625,2209.8701171875
2024-09-27,5738.169921875,42313.0,3.749000072479248,18119.58984375,2224.699951171875
2024-09-30,5762.47998046875,42330.1484375,3.802000045776367,18189.169921875,2229.969970703125
2024-10-01,5708.75,42156.96875,3.743000030517578,17910.359375,2197.030029296875
2024-10-02,5709.5400390625,42196.51953125,3.7850000858306885,17925.119140625,2195.010009765625
2024-10-03,5699.93994140625,42011.58984375,3.8499999046325684,17918.48046875,2180.14990234375
2024-10-04,5751.06982421875,42352.75,3.9809999465942383,18137.849609375,2212.800048828125
2024-10-07,5695.93994140625,41954.23828125,4.026000022888184,17923.900390625,2193.090087890625
2024-10-08,5751.1298828125,42080.37109375,4.0329999923706055,18182.919921875,2194.97998046875
2024-10-09,5792.0400390625,42512.0,4.066999912261963,18291.619140625,2200.590087890625
2024-10-10,5780.0498046875,42454.12109375,4.0960001945495605,18282.05078125,2188.419921875
2024-10-11,5815.02978515625,42863.859375,4.072999954223633,18342.939453125,2234.409912109375
2024-10-14,5859.85009765625,43065.21875,4.0980000495910645,18502.689453125,2248.639892578125
2024-10-15,5815.259765625,42740.421875,4.038000106811523,18315.58984375,2249.820068359375
2024-10-16,5842.47021484375,43077.69921875,4.015999794006348,18367.080078125,2286.679931640625
2024-10-17,5841.47021484375,43239.05078125,4.0960001945495605,18373.609375,2280.85009765625
2024-10-18,5864.669921875,43275.91015625,4.072999954223633,18489.55078125,2276.090087890625
2024-10-21,5853.97998046875,42931.6015625,4.182000160217285,18540.009765625,2239.7099609375
2024-10-22,5851.2001953125,42924.890625,4.203999996185303,18579.76953125,2231.530029296875
2024-10-23,5797.419921875,42514.94921875,4.242000102996826,18276.650390625,2213.840087890625
2024-10-24,5809.85986328125,42374.359375,4.199999809265137,18415.490234375,2218.919921875
2024-10-25,5808.1201171875,42114.3984375,4.23199987411499,18518.609375,2207.989990234375
2024-10-28,5823.52001953125,42387.5703125,4.2779998779296875,18567.189453125,2244.070068359375
2024-10-29,5832.919921875,42233.05078125,4.27400016784668,18712.75,2238.090087890625
2024-10-30,5813.669921875,42141.5390625,4.265999794006348,18607.9296875,2233.0400390625
2024-10-31,5705.4501953125,41763.4609375,4.283999919891357,18095.150390625,2196.64990234375
